<?xml version="1.0" encoding="utf-8" ?>
<NV_CATEGORY NAME="PARAM_VALUE" MODE="GU">
    <PROJECT_GROUP NAME="GUCODEC" ID="24">
        <NV ID="30161" NAME="SWS_Landscape_Music" PARAM_VALUE="{0x200,0xFC,0x0,0x8,0x7,0x4,0x1,0x0,0x5,0x5,0x0,0x9,0x0,0x0,0x0,0x9,0x1,0x0,0x0,0x0,0x0,0x0,0x0,0x0,0x0,0x0,0x0,0x0,0x0,0x15,0x14,0x11,0x11,0xE,0xE,0xA,0x10,0xE,0x14,0x14,0x43E,0x12C,0x398,0x21CA,0x21CA,0x640,0x4B0,0x514,0x10E0,0xBB8,0x586,0x586,0x8E,0x4D,0xC8,0x258,0x3A9,0x6A4,0xBB8,0x1F40,0x16A8,0x1194,0x4E20,0x4E20,0xA,0x1,0x64,0x64,0x5,0x1,0x1,0xFFFFFFFFFB,0x1,0x1,0x2,0x1,0x1,0x2,0x1,0x1,0xA,0x64,0x64,0x64,0x64,0x64,0x11}" MODEM_NUMBER="1" />
        <NV ID="30162" NAME="SWS_Landscape_Movie" PARAM_VALUE="{0x200,0xFF,0x0,0x9,0x5,0x5,0x1,0x0,0x5,0x9,0x0,0x32,0xC,0x42,0x44,0x9,0x1,0x0,0x0,0x0,0x0,0x0,0x0,0x0,0x0,0x0,0x0,0x0,0x0,0x15,0x16,0x15,0xE,0x12,0x15,0x15,0x14,0xE,0x14,0x14,0x43E,0x12C,0x29E,0x4B0,0x9C4,0x76C,0x586,0x398,0x586,0xBB8,0x586,0x586,0x63,0x4D,0x2EE,0x708,0xED8,0x1130,0x1B58,0x3B60,0x4E20,0x1194,0x4E20,0x4E20,0xA,0x1,0x64,0x64,0x1,0x1,0x1,0xFFFFFFFFFD,0x1,0x1,0x2,0x1,0x1,0x2,0x1,0x1,0x32,0x64,0x64,0x64,0x64,0x64,0x12}" MODEM_NUMBER="1" />
        <NV ID="30163" NAME="SWS_Portrait_Music" PARAM_VALUE="{0x200,0xFC,0x1,0x8,0x7,0x4,0x1,0x0,0x5,0x6,0x0,0x9,0x0,0x0,0x0,0x9,0x1,0x0,0x0,0x0,0x0,0x0,0x0,0x0,0x0,0x0,0x0,0x0,0x0,0x15,0x13,0x11,0x11,0xE,0xE,0xA,0x11,0xE,0x14,0x14,0x43E,0x190,0x398,0x21CA,0x21CA,0x640,0x586,0x44C,0x10E0,0xBB8,0x586,0x586,0x8E,0x4D,0xC8,0x258,0x3A9,0x6A4,0xBB8,0x1E14,0x16A8,0x1194,0x4E20,0x4E20,0xA,0x1,0x64,0x64,0x5,0x1,0x1,0xFFFFFFFFFB,0x1,0x1,0x2,0x1,0x1,0x2,0x1,0x1,0x32,0x64,0x64,0x64,0x64,0x64,0x11}" MODEM_NUMBER="1" />
        <NV ID="30164" NAME="SWS_Headphone_Music" PARAM_VALUE="{0x200,0xF0,0x2,0x9,0x3,0x0,0x0,0x0,0x0,0x0,0x0,0x0,0x0,0x0,0x0,0x9,0x1,0x0,0x0,0x0,0x0,0x0,0x0,0x0,0x2,0x0,0x0,0x0,0x8,0x19,0x16,0x15,0x15,0x14,0x15,0x17,0x6,0x14,0x14,0x14,0x398,0xB36,0x398,0x398,0x398,0x398,0x586,0x190,0x56D,0x586,0x586,0x586,0x1E,0x32,0x73,0x118,0x3E8,0xD48,0x2710,0x4268,0x4E20,0x4E20,0x4E20,0x4E20,0xA,0x1,0x64,0x64,0x5,0x1,0x1,0xFFFFFFFFFB,0x1,0x1,0x2,0x1,0x1,0x2,0x1,0x1,0xA,0x64,0x64,0x64,0x64,0x64,0x14}" MODEM_NUMBER="1" />
        <NV ID="30165" NAME="SWS_Reserver_0" PARAM_VALUE="{0x0}" MODEM_NUMBER="1" />
        <NV ID="30166" NAME="SWS_Reserver_1" PARAM_VALUE="{0x0}" MODEM_NUMBER="1" />
        <NV ID="30167" NAME="SWS_Reserver_2" PARAM_VALUE="{0x0}" MODEM_NUMBER="1" />
        <NV ID="30168" NAME="SWS_Reserver_3" PARAM_VALUE="{0x0}" MODEM_NUMBER="1" />
        <NV ID="30169" NAME="SWS_Reserver_4" PARAM_VALUE="{0x0}" MODEM_NUMBER="1" />
        <NV ID="30170" NAME="SWS_Reserver_5" PARAM_VALUE="{0x0}" MODEM_NUMBER="1" />
        <NV ID="30171" NAME="SWS_Reserver_6" PARAM_VALUE="{0x0}" MODEM_NUMBER="1" />
    </PROJECT_GROUP>
</NV_CATEGORY>