<?xml version="1.0" encoding="utf-8" ?>
<NV_CATEGORY NAME="PARAM_VALUE" MODE="GU">
    <PROJECT_GROUP NAME="GUCODEC" ID="24">
        <NV ID="30161" NAME="SWS_Landscape" PARAM_VALUE="{0x1E0,0x7F,0x00,0x04,0x12,0x01,0x1E,0x32,0x00,0x00,0x32,0x09,0x0,0x0,0x0,0x0,0x0,0x0,0x0,0x0,0x0,0x0,0x0,0x0,0x14,0x14,0x14,0x14,0x08,0x14,0x14,0x20,0x14,0x14,0x14,0x14,0x586,0x586,0x586,0x586,0x586,0x586,0x586,0x586,0x586,0x586,0x586,0x586,0x3e,0x7d,0xfa,0x1f4,0x3e8,0x7d0,0xfa0,0x1f40,0x3e80,0x3e80,0x3e80,0x3e80}" MODEM_NUMBER="1" />        
        <NV ID="30162" NAME="SWS_Portrait" PARAM_VALUE="{0x1E0,0x7D,0x01,0x04,0x0E,0x01,0x1E,0x32,0x00,0x00,0x32,0x09,0x0,0x0,0x0,0x0,0x0,0x0,0x0,0x0,0x0,0x0,0x0,0x0,0x14,0x14,0x14,0x14,0x08,0x14,0x14,0x20,0x14,0x14,0x14,0x14,0x586,0x586,0x586,0x586,0x586,0x586,0x586,0x586,0x586,0x586,0x586,0x586,0x3e,0x7d,0xfa,0x1f4,0x3e8,0x7d0,0xfa0,0x1f40,0x3e80,0x3e80,0x3e80,0x3e80}" MODEM_NUMBER="1" />
        <NV ID="30163" NAME="SWS_Headphone" PARAM_VALUE="{0x1E0,0x71,0x02,0x04,0x0C,0x01,0x1E,0x32,0x00,0x00,0x32,0x09,0x0,0x0,0x0,0x0,0x0,0x0,0x0,0x0,0x0,0x0,0x0,0x0,0x14,0x14,0x14,0x14,0x08,0x14,0x14,0x20,0x14,0x14,0x14,0x14,0x586,0x586,0x586,0x586,0x586,0x586,0x586,0x586,0x586,0x586,0x586,0x586,0x3e,0x7d,0xfa,0x1f4,0x3e8,0x7d0,0xfa0,0x1f40,0x3e80,0x3e80,0x3e80,0x3e80}" MODEM_NUMBER="1" />
        <NV ID="30164" NAME="SWS_Reserver_0" PARAM_VALUE="{0x00}" MODEM_NUMBER="1" />
        <NV ID="30165" NAME="SWS_Reserver_1" PARAM_VALUE="{0x00}" MODEM_NUMBER="1" />
        <NV ID="30180" NAME="SWS_Reserver_2" PARAM_VALUE="{0x00}" MODEM_NUMBER="1" />
        <NV ID="30181" NAME="SWS_Reserver_3" PARAM_VALUE="{0x00}" MODEM_NUMBER="1" />
        <NV ID="30182" NAME="SWS_Reserver_4" PARAM_VALUE="{0x00}" MODEM_NUMBER="1" />
        <NV ID="30183" NAME="SWS_Reserver_5" PARAM_VALUE="{0x00}" MODEM_NUMBER="1" />
        <NV ID="30184" NAME="SWS_Reserver_6" PARAM_VALUE="{0x00}" MODEM_NUMBER="1" />
    </PROJECT_GROUP>
</NV_CATEGORY>
